,ncalls,tottime,percall_tottime,cumtime,percall_cumtime,function,filename,direc,line,short_name,execution_id,execution_name,tottime_perc,cumtime_perc
0,1.0,0.004,0.004,15.679,15.679,main,D,,22,main:22(D),0,exec3-SCS,0.025528112834258727,100.06382028208564
1,1.0,0.0,0.0,15.663,15.663,l_1_optimization,D,,4,l_1_optimization:4(D),0,exec3-SCS,0.0,99.96170783074861
2,1.0,0.001,0.001,15.662,15.662,solve,C,,320,solve:320(C),0,exec3-SCS,0.006382028208564682,99.95532580254005
3,1.0,0.0,0.0,15.661,15.661,_solve,C,,667,_solve:667(C),0,exec3-SCS,0.0,99.94894377433148
4,1.0,0.0,0.0,13.235,13.235,solve_via_data,C,,289,solve_via_data:289(C),0,exec3-SCS,0.0,84.46614334035357
5,1.0,0.0,0.0,13.235,13.235,solve_via_data,C,,278,solve_via_data:278(C),0,exec3-SCS,0.0,84.46614334035357
6,1.0,0.0,0.0,13.235,13.235,solve,C,,14,solve:14(C),0,exec3-SCS,0.0,84.46614334035357
7,1.0,13.235,13.235,13.235,13.235,csolve,['_scs'],,,_scs.csolve,0,exec3-SCS,84.46614334035357,84.46614334035357
8,1.0,0.0,0.0,2.425,2.425,get_problem_data,C,,412,get_problem_data:412(C),0,exec3-SCS,0.0,15.476418405769351
9,1.0,0.003,0.003,2.424,2.424,apply,C,,53,apply:53(C),0,exec3-SCS,0.019146084625694046,15.470036377560788
10,1.0,0.0,0.0,1.861,1.861,apply,C,,207,apply:207(C),0,exec3-SCS,0.0,11.876954496138872
11,1.0,0.099,0.099,1.696,1.696,apply_parameters,C,,144,apply_parameters:144(C),0,exec3-SCS,0.6318207926479035,10.8239198417257
12,1.0,1.165,1.165,1.569,1.569,reduce_problem_data_tensor,C,,61,reduce_problem_data_tensor:61(C),0,exec3-SCS,7.435062862977854,10.013402259237985
13,1.0,0.0,0.0,0.56,0.56,apply,C,,291,apply:291(C),0,exec3-SCS,0.0,3.5739357967962224
14,2.0,0.007,0.004,0.559,0.28,affine,C,,58,affine:58(C),0,exec3-SCS,0.04467419745995277,3.5675537685876573
15,2.0,0.018,0.009,0.551,0.276,get_problem_matrix,C,,289,get_problem_matrix:289(C),0,exec3-SCS,0.11487650775416425,3.51649754291914
16,2.0,0.0,0.0,0.384,0.192,build_matrix,C,,1002,build_matrix:1002(C),0,exec3-SCS,0.0,2.450698832088838
17,2.0,0.384,0.192,0.384,0.192,build_matrix,['_cvxcore'],,,_cvxcore.build_matrix,0,exec3-SCS,2.450698832088838,2.450698832088838
18,1.0,0.329,0.329,0.329,0.329,<dictcomp>,C,,111,<dictcomp>:111(C),0,exec3-SCS,2.0996872806177804,2.0996872806177804
19,1.0,0.001,0.001,0.16,0.16,_prepare_data_and_inv_data,C,,183,_prepare_data_and_inv_data:183(C),0,exec3-SCS,0.006382028208564682,1.0211245133703493
20,1.0,0.006,0.006,0.158,0.158,format_constraints,C,,129,format_constraints:129(C),0,exec3-SCS,0.03829216925138809,1.0083604569532196
21,46/35,0.001,0.0,0.134,0.004,__init__,C,,27,__init__:27(C),0,exec3-SCS,0.006382028208564682,0.8551917799476674
22,11.0,0.0,0.0,0.122,0.011,asformat,C,,294,asformat:294(C),0,exec3-SCS,0.0,0.7786074414448911
23,6.0,0.0,0.0,0.105,0.017,tocsc,C,,330,tocsc:330(C),0,exec3-SCS,0.0,0.6701129618992915
24,7.0,0.0,0.0,0.098,0.014,sum_duplicates,C,,1084,sum_duplicates:1084(C),0,exec3-SCS,0.0,0.6254387644393389
25,1.0,0.0,0.0,0.092,0.092,sort_indices,C,,1131,sort_indices:1131(C),0,exec3-SCS,0.0,0.5871465951879506
26,1.0,0.092,0.092,0.092,0.092,csr_sort_indices,"['scipy', 'sparse', '_sparsetools']",,,scipy.sparse._sparsetools.csr_sort_indices,0,exec3-SCS,0.5871465951879506,0.5871465951879506
27,5/1,0.002,0.0,0.077,0.077,__call__,C,,42,__call__:42(C),0,exec3-SCS,0.012764056417129363,0.49141617205948046
28,1.0,0.0,0.0,0.075,0.075,matmul,C,,61,matmul:61(C),0,exec3-SCS,0.0,0.47865211564235116
29,20/16,0.001,0.0,0.05,0.003,__init__,C,,126,__init__:126(C),0,exec3-SCS,0.006382028208564682,0.3191014104282341
30,401/390,0.009,0.0,0.049,0.0,implement_array_function,"['numpy', 'core', '_multiarray_umath']",,,numpy.core._multiarray_umath.implement_array_function,0,exec3-SCS,0.057438253877082124,0.31271938221966944
31,3.0,0.013,0.004,0.048,0.016,reshape,C,,198,reshape:198(C),0,exec3-SCS,0.08296636671134086,0.30633735401110473
32,8.0,0.0,0.0,0.036,0.004,__getitem__,C,,32,__getitem__:32(C),0,exec3-SCS,0.0,0.2297530155083285
33,8.0,0.036,0.004,0.036,0.004,coo_tocsr,"['scipy', 'sparse', '_sparsetools']",,,scipy.sparse._sparsetools.coo_tocsr,0,exec3-SCS,0.2297530155083285,0.2297530155083285
34,8.0,0.0,0.0,0.035,0.004,_get_submatrix,C,,777,_get_submatrix:777(C),0,exec3-SCS,0.0,0.2233709872997639
35,6.0,0.0,0.0,0.035,0.006,_get_sliceXslice,C,,649,_get_sliceXslice:649(C),0,exec3-SCS,0.0,0.2233709872997639
36,8.0,0.034,0.004,0.034,0.004,get_csr_submatrix,"['scipy', 'sparse', '_sparsetools']",,,scipy.sparse._sparsetools.get_csr_submatrix,0,exec3-SCS,0.2169889590911992,0.2169889590911992
37,6.0,0.0,0.0,0.034,0.006,__matmul__,C,,556,__matmul__:556(C),0,exec3-SCS,0.0,0.2169889590911992
38,6.0,0.0,0.0,0.034,0.006,new_method,C,,27,new_method:27(C),0,exec3-SCS,0.0,0.2169889590911992
39,6.0,0.001,0.0,0.034,0.006,__mul__,C,,453,__mul__:453(C),0,exec3-SCS,0.006382028208564682,0.2169889590911992
40,1.0,0.002,0.002,0.032,0.032,vstack,C,,470,vstack:470(C),0,exec3-SCS,0.012764056417129363,0.2042249026740698
41,2.0,0.03,0.015,0.03,0.015,sort,numpy.ndarray,,,sort(numpy.ndarray),0,exec3-SCS,0.19146084625694043,0.19146084625694043
42,20.0,0.0,0.0,0.03,0.001,_check,C,,265,_check:265(C),0,exec3-SCS,0.0,0.19146084625694043
43,2.0,0.011,0.006,0.03,0.015,bmat,C,,504,bmat:504(C),0,exec3-SCS,0.07020231029421149,0.19146084625694043
44,2.0,0.0,0.0,0.03,0.015,tocsr,C,,372,tocsr:372(C),0,exec3-SCS,0.0,0.19146084625694043
45,164.0,0.03,0.0,0.03,0.0,reduce,numpy.ufunc,,,reduce(numpy.ufunc),0,exec3-SCS,0.19146084625694043,0.19146084625694043
46,4.0,0.0,0.0,0.029,0.007,<lambda>,C,,37,<lambda>:37(C),0,exec3-SCS,0.0,0.18507881804837578
47,5.0,0.0,0.0,0.028,0.006,_mul_sparse_matrix,C,,494,_mul_sparse_matrix:494(C),0,exec3-SCS,0.0,0.17869678983981108
48,1.0,0.0,0.0,0.028,0.028,unique,<__array_function__ internals>,,2,unique:2(<__array_function__ internals>),0,exec3-SCS,0.0,0.17869678983981108
49,1.0,0.001,0.001,0.028,0.028,unique,C,,149,unique:149(C),0,exec3-SCS,0.006382028208564682,0.17869678983981108
50,2.0,0.0,0.0,0.028,0.014,get_matrix_from_tensor,C,,196,get_matrix_from_tensor:196(C),0,exec3-SCS,0.0,0.17869678983981108
51,1.0,0.004,0.004,0.027,0.027,_unique1d,C,,309,_unique1d:309(C),0,exec3-SCS,0.025528112834258727,0.17231476163124643
52,5.0,0.023,0.005,0.023,0.005,divmod,['builtins'],,,builtins.divmod,0,exec3-SCS,0.14678664879698766,0.14678664879698766
53,2.0,0.001,0.0,0.02,0.01,reshape,C,,86,reshape:86(C),0,exec3-SCS,0.006382028208564682,0.12764056417129366
54,643.0,0.018,0.0,0.018,0.0,array,['numpy'],,,numpy.array,0,exec3-SCS,0.11487650775416425,0.11487650775416425
55,1.0,0.0,0.0,0.017,0.017,tocsc,C,,175,tocsc:175(C),0,exec3-SCS,0.0,0.1084944795455996
56,6.0,0.0,0.0,0.016,0.003,tocoo,C,,1009,tocoo:1009(C),0,exec3-SCS,0.0,0.1021124513370349
57,1.0,0.015,0.015,0.015,0.015,csr_tocsc,"['scipy', 'sparse', '_sparsetools']",,,scipy.sparse._sparsetools.csr_tocsc,0,exec3-SCS,0.09573042312847022,0.09573042312847022
58,40.0,0.0,0.0,0.015,0.0,max,numpy.ndarray,,,max(numpy.ndarray),0,exec3-SCS,0.0,0.09573042312847022
59,40.0,0.0,0.0,0.015,0.0,min,numpy.ndarray,,,min(numpy.ndarray),0,exec3-SCS,0.0,0.09573042312847022
60,40.0,0.0,0.0,0.015,0.0,_amax,C,,37,_amax:37(C),0,exec3-SCS,0.0,0.09573042312847022
61,40.0,0.0,0.0,0.015,0.0,_amin,C,,41,_amin:41(C),0,exec3-SCS,0.0,0.09573042312847022
62,2.0,0.013,0.006,0.013,0.006,standard_normal,numpy.random._generator.Generator,,,standard_normal(numpy.random._generator.Generator),0,exec3-SCS,0.08296636671134086,0.08296636671134086
63,1.0,0.012,0.012,0.012,0.012,eliminate_zeros,C,,554,eliminate_zeros:554(C),0,exec3-SCS,0.07658433850277618,0.07658433850277618
64,1.0,0.0,0.0,0.011,0.011,sort,<__array_function__ internals>,,2,sort:2(<__array_function__ internals>),0,exec3-SCS,0.0,0.07020231029421149
65,1.0,0.0,0.0,0.011,0.011,sort,C,,839,sort:839(C),0,exec3-SCS,0.0,0.07020231029421149
66,6.0,0.0,0.0,0.009,0.001,build_lin_op_tree,C,,495,build_lin_op_tree:495(C),0,exec3-SCS,0.0,0.057438253877082124
67,19.0,0.0,0.0,0.008,0.0,make_linC_from_linPy,C,,469,make_linC_from_linPy:469(C),0,exec3-SCS,0.0,0.05105622566851745
68,7.0,0.0,0.0,0.008,0.001,set_linC_data,C,,456,set_linC_data:456(C),0,exec3-SCS,0.0,0.05105622566851745
69,41.0,0.008,0.0,0.008,0.0,astype,numpy.ndarray,,,astype(numpy.ndarray),0,exec3-SCS,0.05105622566851745,0.05105622566851745
70,11.0,0.0,0.0,0.008,0.001,concatenate,<__array_function__ internals>,,2,concatenate:2(<__array_function__ internals>),0,exec3-SCS,0.0,0.05105622566851745
71,2.0,0.0,0.0,0.008,0.004,set_matrix_data,C,,428,set_matrix_data:428(C),0,exec3-SCS,0.0,0.05105622566851745
72,7.0,0.0,0.0,0.008,0.001,set_dense_data,C,,199,set_dense_data:199(C),0,exec3-SCS,0.0,0.05105622566851745
73,7.0,0.008,0.001,0.008,0.001,LinOp_set_dense_data,['_cvxcore'],,,_cvxcore.LinOp_set_dense_data,0,exec3-SCS,0.05105622566851745,0.05105622566851745
74,2.0,0.008,0.004,0.008,0.004,csc_matmat,"['scipy', 'sparse', '_sparsetools']",,,scipy.sparse._sparsetools.csc_matmat,0,exec3-SCS,0.05105622566851745,0.05105622566851745
75,4.0,0.0,0.0,0.007,0.002,getV,C,,239,getV:239(C),0,exec3-SCS,0.0,0.04467419745995277
76,4.0,0.007,0.002,0.007,0.002,ProblemData_getV,['_cvxcore'],,,_cvxcore.ProblemData_getV,0,exec3-SCS,0.04467419745995277,0.04467419745995277
77,1.0,0.004,0.004,0.005,0.005,__neg__,C,,47,__neg__:47(C),0,exec3-SCS,0.025528112834258727,0.031910141042823414
78,4.0,0.0,0.0,0.005,0.001,getI,C,,242,getI:242(C),0,exec3-SCS,0.0,0.031910141042823414
79,4.0,0.005,0.001,0.005,0.001,ProblemData_getI,['_cvxcore'],,,_cvxcore.ProblemData_getI,0,exec3-SCS,0.031910141042823414,0.031910141042823414
80,4.0,0.0,0.0,0.004,0.001,getJ,C,,245,getJ:245(C),0,exec3-SCS,0.0,0.025528112834258727
81,4.0,0.004,0.001,0.004,0.001,ProblemData_getJ,['_cvxcore'],,,_cvxcore.ProblemData_getJ,0,exec3-SCS,0.025528112834258727,0.025528112834258727
82,1.0,0.0,0.0,0.004,0.004,_mul_vector,C,,467,_mul_vector:467(C),0,exec3-SCS,0.0,0.025528112834258727
83,1.0,0.004,0.004,0.004,0.004,csr_matvec,"['scipy', 'sparse', '_sparsetools']",,,scipy.sparse._sparsetools.csr_matvec,0,exec3-SCS,0.025528112834258727,0.025528112834258727
84,4.0,0.0,0.0,0.004,0.001,getLen,C,,236,getLen:236(C),0,exec3-SCS,0.0,0.025528112834258727
85,4.0,0.004,0.001,0.004,0.001,ProblemData_getLen,['_cvxcore'],,,_cvxcore.ProblemData_getLen,0,exec3-SCS,0.025528112834258727,0.025528112834258727
86,1.0,0.003,0.003,0.003,0.003,csr_sum_duplicates,"['scipy', 'sparse', '_sparsetools']",,,scipy.sparse._sparsetools.csr_sum_duplicates,0,exec3-SCS,0.019146084625694046,0.019146084625694046
87,3.0,0.003,0.001,0.003,0.001,copy,numpy.ndarray,,,copy(numpy.ndarray),0,exec3-SCS,0.019146084625694046,0.019146084625694046
88,6.0,0.002,0.0,0.002,0.0,expandptr,"['scipy', 'sparse', '_sparsetools']",,,scipy.sparse._sparsetools.expandptr,0,exec3-SCS,0.012764056417129363,0.012764056417129363
89,7.0,0.0,0.0,0.002,0.0,__get_has_canonical_format,C,,1055,__get_has_canonical_format:1055(C),0,exec3-SCS,0.0,0.012764056417129363
90,7.0,0.002,0.0,0.002,0.0,csr_has_canonical_format,"['scipy', 'sparse', '_sparsetools']",,,scipy.sparse._sparsetools.csr_has_canonical_format,0,exec3-SCS,0.012764056417129363,0.012764056417129363
91,7.0,0.002,0.0,0.002,0.0,flatten,numpy.ndarray,,,flatten(numpy.ndarray),0,exec3-SCS,0.012764056417129363,0.012764056417129363
92,2.0,0.002,0.001,0.002,0.001,csc_matmat_maxnnz,"['scipy', 'sparse', '_sparsetools']",,,scipy.sparse._sparsetools.csc_matmat_maxnnz,0,exec3-SCS,0.012764056417129363,0.012764056417129363
93,142.0,0.001,0.0,0.002,0.0,get_index_dtype,C,,119,get_index_dtype:119(C),0,exec3-SCS,0.006382028208564682,0.012764056417129363
94,46.0,0.0,0.0,0.002,0.0,check_format,C,,135,check_format:135(C),0,exec3-SCS,0.0,0.012764056417129363
95,1.0,0.0,0.0,0.001,0.001,_with_data,C,,1196,_with_data:1196(C),0,exec3-SCS,0.0,0.006382028208564682
96,204/48,0.0,0.0,0.001,0.0,_compute_once,C,,59,_compute_once:59(C),0,exec3-SCS,0.0,0.006382028208564682
97,74.0,0.0,0.0,0.001,0.0,size,C,,377,size:377(C),0,exec3-SCS,0.0,0.006382028208564682
98,1.0,0.0,0.0,0.001,0.001,stuffed_objective,C,,282,stuffed_objective:282(C),0,exec3-SCS,0.0,0.006382028208564682
99,80.0,0.0,0.0,0.001,0.0,prod,<__array_function__ internals>,,2,prod:2(<__array_function__ internals>),0,exec3-SCS,0.0,0.006382028208564682
100,80.0,0.0,0.0,0.001,0.0,prod,C,,2881,prod:2881(C),0,exec3-SCS,0.0,0.006382028208564682
101,83.0,0.0,0.0,0.001,0.0,_wrapreduction,C,,70,_wrapreduction:70(C),0,exec3-SCS,0.0,0.006382028208564682
102,1.0,0.0,0.0,0.001,0.001,apply,C,,38,apply:38(C),0,exec3-SCS,0.0,0.006382028208564682
103,1.0,0.0,0.0,0.001,0.001,apply,C,,55,apply:55(C),0,exec3-SCS,0.0,0.006382028208564682
104,2.0,0.0,0.0,0.001,0.0,get_spacing_matrix,C,,93,get_spacing_matrix:93(C),0,exec3-SCS,0.0,0.006382028208564682
105,1.0,0.0,0.0,0.001,0.001,_construct_chain,C,,633,_construct_chain:633(C),0,exec3-SCS,0.0,0.006382028208564682
106,2.0,0.0,0.0,0.001,0.0,__init__,C,,103,__init__:103(C),0,exec3-SCS,0.0,0.006382028208564682
107,23/10,0.0,0.0,0.001,0.0,is_convex,C,,164,is_convex:164(C),0,exec3-SCS,0.0,0.006382028208564682
108,22/9,0.0,0.0,0.001,0.0,cast_op,C,,42,cast_op:42(C),0,exec3-SCS,0.0,0.006382028208564682
109,12/2,0.0,0.0,0.001,0.0,canonicalize_tree,C,,86,canonicalize_tree:86(C),0,exec3-SCS,0.0,0.006382028208564682
110,1.0,0.0,0.0,0.001,0.001,construct_solving_chain,C,,118,construct_solving_chain:118(C),0,exec3-SCS,0.0,0.006382028208564682
111,47.0,0.0,0.0,0.001,0.0,prune,C,,1140,prune:1140(C),0,exec3-SCS,0.0,0.006382028208564682
112,12.0,0.0,0.0,0.001,0.0,canonicalize_expr,C,,106,canonicalize_expr:106(C),0,exec3-SCS,0.0,0.006382028208564682
113,24.0,0.0,0.0,0.001,0.0,size,C,,71,size:71(C),0,exec3-SCS,0.0,0.006382028208564682
114,284.0,0.001,0.0,0.001,0.0,__init__,C,,498,__init__:498(C),0,exec3-SCS,0.006382028208564682,0.006382028208564682
115,75.0,0.0,0.0,0.0,0.0,check_shape,C,,265,check_shape:265(C),0,exec3-SCS,0.0,0.0
116,70/49,0.0,0.0,0.0,0.0,all,['builtins'],,,builtins.all,0,exec3-SCS,0.0,0.0
117,3.0,0.0,0.0,0.0,0.0,toarray,C,,1022,toarray:1022(C),0,exec3-SCS,0.0,0.0
118,484.0,0.0,0.0,0.0,0.0,asarray,C,,14,asarray:14(C),0,exec3-SCS,0.0,0.0
119,220.0,0.0,0.0,0.0,0.0,can_cast,<__array_function__ internals>,,2,can_cast:2(<__array_function__ internals>),0,exec3-SCS,0.0,0.0
120,1.0,0.0,0.0,0.0,0.0,unpack_results,C,,1036,unpack_results:1036(C),0,exec3-SCS,0.0,0.0
121,23/9,0.0,0.0,0.0,0.0,is_affine,C,,173,is_affine:173(C),0,exec3-SCS,0.0,0.0
122,2.0,0.0,0.0,0.0,0.0,<listcomp>,C,,80,<listcomp>:80(C),0,exec3-SCS,0.0,0.0
123,6.0,0.0,0.0,0.0,0.0,is_dpp,C,,198,is_dpp:198(C),0,exec3-SCS,0.0,0.0
124,256.0,0.0,0.0,0.0,0.0,nnz,C,,238,nnz:238(C),0,exec3-SCS,0.0,0.0
125,3.0,0.0,0.0,0.0,0.0,tocsr,C,,134,tocsr:134(C),0,exec3-SCS,0.0,0.0
126,2.0,0.0,0.0,0.0,0.0,is_dcp,C,,145,is_dcp:145(C),0,exec3-SCS,0.0,0.0
127,6.0,0.0,0.0,0.0,0.0,<genexpr>,C,,165,<genexpr>:165(C),0,exec3-SCS,0.0,0.0
128,1.0,0.0,0.0,0.0,0.0,invert,C,,75,invert:75(C),0,exec3-SCS,0.0,0.0
129,8.0,0.0,0.0,0.0,0.0,__sub__,C,,512,__sub__:512(C),0,exec3-SCS,0.0,0.0
130,6.0,0.0,0.0,0.0,0.0,is_dcp,C,,191,is_dcp:191(C),0,exec3-SCS,0.0,0.0
131,8.0,0.0,0.0,0.0,0.0,_validate_indices,C,,126,_validate_indices:126(C),0,exec3-SCS,0.0,0.0
132,2.0,0.0,0.0,0.0,0.0,is_dcp,C,,179,is_dcp:179(C),0,exec3-SCS,0.0,0.0
133,2.0,0.0,0.0,0.0,0.0,<listcomp>,C,,82,<listcomp>:82(C),0,exec3-SCS,0.0,0.0
134,24/6,0.0,0.0,0.0,0.0,_lazyprop,C,,24,_lazyprop:24(C),0,exec3-SCS,0.0,0.0
135,2.0,0.0,0.0,0.0,0.0,<listcomp>,C,,122,<listcomp>:122(C),0,exec3-SCS,0.0,0.0
136,3.0,0.0,0.0,0.0,0.0,eye,C,,219,eye:219(C),0,exec3-SCS,0.0,0.0
137,19/6,0.0,0.0,0.0,0.0,canonical_form,C,,35,canonical_form:35(C),0,exec3-SCS,0.0,0.0
138,13/6,0.0,0.0,0.0,0.0,canonicalize,C,,304,canonicalize:304(C),0,exec3-SCS,0.0,0.0
139,4.0,0.0,0.0,0.0,0.0,__init__,C,,152,__init__:152(C),0,exec3-SCS,0.0,0.0
140,204.0,0.0,0.0,0.0,0.0,_cache_key,C,,40,_cache_key:40(C),0,exec3-SCS,0.0,0.0
141,26.0,0.0,0.0,0.0,0.0,__init__,C,,36,__init__:36(C),0,exec3-SCS,0.0,0.0
142,1.0,0.0,0.0,0.0,0.0,_reductions_for_problem_class,C,,47,_reductions_for_problem_class:47(C),0,exec3-SCS,0.0,0.0
143,52.0,0.0,0.0,0.0,0.0,empty,['numpy'],,,numpy.empty,0,exec3-SCS,0.0,0.0
144,1.0,0.0,0.0,0.0,0.0,invert,C,,242,invert:242(C),0,exec3-SCS,0.0,0.0
145,8.0,0.0,0.0,0.0,0.0,__add__,C,,495,__add__:495(C),0,exec3-SCS,0.0,0.0
146,37.0,0.0,0.0,0.0,0.0,isintlike,C,,186,isintlike:186(C),0,exec3-SCS,0.0,0.0
147,812.0,0.0,0.0,0.0,0.0,isinstance,['builtins'],,,builtins.isinstance,0,exec3-SCS,0.0,0.0
148,2.0,0.0,0.0,0.0,0.0,get_dual_values,C,,36,get_dual_values:36(C),0,exec3-SCS,0.0,0.0
149,3.0,0.0,0.0,0.0,0.0,__le__,C,,645,__le__:645(C),0,exec3-SCS,0.0,0.0
150,2.0,0.0,0.0,0.0,0.0,__init__,C,,23,__init__:23(C),0,exec3-SCS,0.0,0.0
151,4.0,0.0,0.0,0.0,0.0,extract_dual_value,C,,226,extract_dual_value:226(C),0,exec3-SCS,0.0,0.0
152,50.0,0.0,0.0,0.0,0.0,isshape,C,,208,isshape:208(C),0,exec3-SCS,0.0,0.0
153,2.0,0.0,0.0,0.0,0.0,_get_sliceXint,C,,214,_get_sliceXint:214(C),0,exec3-SCS,0.0,0.0
154,4.0,0.0,0.0,0.0,0.0,extract_dual_value,C,,28,extract_dual_value:28(C),0,exec3-SCS,0.0,0.0
155,3.0,0.0,0.0,0.0,0.0,lower_ineq_to_nonneg,C,,32,lower_ineq_to_nonneg:32(C),0,exec3-SCS,0.0,0.0
156,1.0,0.0,0.0,0.0,0.0,norm1_canon,C,,22,norm1_canon:22(C),0,exec3-SCS,0.0,0.0
157,13.0,0.0,0.0,0.0,0.0,__init__,C,,65,__init__:65(C),0,exec3-SCS,0.0,0.0
158,1.0,0.0,0.0,0.0,0.0,is_dpp,C,,198,is_dpp:198(C),0,exec3-SCS,0.0,0.0
159,17.0,0.0,0.0,0.0,0.0,__init__,C,,85,__init__:85(C),0,exec3-SCS,0.0,0.0
160,66.0,0.0,0.0,0.0,0.0,to_native,C,,91,to_native:91(C),0,exec3-SCS,0.0,0.0
161,39.0,0.0,0.0,0.0,0.0,sum,['builtins'],,,builtins.sum,0,exec3-SCS,0.0,0.0
162,66.0,0.0,0.0,0.0,0.0,__init__,C,,20,__init__:20(C),0,exec3-SCS,0.0,0.0
163,1.0,0.0,0.0,0.0,0.0,abs_canon,C,,20,abs_canon:20(C),0,exec3-SCS,0.0,0.0
164,2.0,0.0,0.0,0.0,0.0,__init__,C,,55,__init__:55(C),0,exec3-SCS,0.0,0.0
165,1.0,0.0,0.0,0.0,0.0,pnorm_canon,C,,29,pnorm_canon:29(C),0,exec3-SCS,0.0,0.0
166,8.0,0.0,0.0,0.0,0.0,__init__,C,,41,__init__:41(C),0,exec3-SCS,0.0,0.0
167,37.0,0.0,0.0,0.0,0.0,ndim,<__array_function__ internals>,,2,ndim:2(<__array_function__ internals>),0,exec3-SCS,0.0,0.0
168,374.0,0.0,0.0,0.0,0.0,getattr,['builtins'],,,builtins.getattr,0,exec3-SCS,0.0,0.0
169,38/25,0.0,0.0,0.0,0.0,is_constant,C,,166,is_constant:166(C),0,exec3-SCS,0.0,0.0
170,8.0,0.0,0.0,0.0,0.0,_construct_dual_variables,C,,63,_construct_dual_variables:63(C),0,exec3-SCS,0.0,0.0
171,2.0,0.0,0.0,0.0,0.0,__ge__,C,,656,__ge__:656(C),0,exec3-SCS,0.0,0.0
172,8.0,0.0,0.0,0.0,0.0,_unpack_index,C,,245,_unpack_index:245(C),0,exec3-SCS,0.0,0.0
173,9.0,0.0,0.0,0.0,0.0,__init__,C,,30,__init__:30(C),0,exec3-SCS,0.0,0.0
174,8.0,0.0,0.0,0.0,0.0,<listcomp>,C,,64,<listcomp>:64(C),0,exec3-SCS,0.0,0.0
175,1.0,0.0,0.0,0.0,0.0,hstack,C,,437,hstack:437(C),0,exec3-SCS,0.0,0.0
176,1.0,0.0,0.0,0.0,0.0,value,C,,80,value:80(C),0,exec3-SCS,0.0,0.0
177,1.0,0.0,0.0,0.0,0.0,_validate_value,C,,362,_validate_value:362(C),0,exec3-SCS,0.0,0.0
178,2.0,0.0,0.0,0.0,0.0,norm,C,,28,norm:28(C),0,exec3-SCS,0.0,0.0
179,56.0,0.0,0.0,0.0,0.0,getnnz,C,,239,getnnz:239(C),0,exec3-SCS,0.0,0.0
180,216.0,0.0,0.0,0.0,0.0,<genexpr>,C,,278,<genexpr>:278(C),0,exec3-SCS,0.0,0.0
181,82.0,0.0,0.0,0.0,0.0,cast_to_const,C,,456,cast_to_const:456(C),0,exec3-SCS,0.0,0.0
182,1037.0,0.0,0.0,0.0,0.0,len,['builtins'],,,builtins.len,0,exec3-SCS,0.0,0.0
183,60/55,0.0,0.0,0.0,0.0,unique_list,C,,1,unique_list:1(C),0,exec3-SCS,0.0,0.0
184,1.0,0.0,0.0,0.0,0.0,_compressed_sparse_stack,C,,403,_compressed_sparse_stack:403(C),0,exec3-SCS,0.0,0.0
185,200.0,0.0,0.0,0.0,0.0,getnnz,C,,107,getnnz:107(C),0,exec3-SCS,0.0,0.0
186,3.0,0.0,0.0,0.0,0.0,csr_matmat,"['scipy', 'sparse', '_sparsetools']",,,scipy.sparse._sparsetools.csr_matmat,0,exec3-SCS,0.0,0.0
187,66.0,0.0,0.0,0.0,0.0,__init__,C,,66,__init__:66(C),0,exec3-SCS,0.0,0.0
188,2.0,0.0,0.0,0.0,0.0,get_var_offsets,C,,45,get_var_offsets:45(C),0,exec3-SCS,0.0,0.0
189,15.0,0.0,0.0,0.0,0.0,_set_self,C,,124,_set_self:124(C),0,exec3-SCS,0.0,0.0
190,1.0,0.0,0.0,0.0,0.0,__init__,C,,35,__init__:35(C),0,exec3-SCS,0.0,0.0
191,81/51,0.0,0.0,0.0,0.0,<genexpr>,C,,170,<genexpr>:170(C),0,exec3-SCS,0.0,0.0
192,142.0,0.0,0.0,0.0,0.0,min,C,,509,min:509(C),0,exec3-SCS,0.0,0.0
193,271.0,0.0,0.0,0.0,0.0,hasattr,['builtins'],,,builtins.hasattr,0,exec3-SCS,0.0,0.0
194,10.0,0.0,0.0,0.0,0.0,zeros,['numpy'],,,numpy.zeros,0,exec3-SCS,0.0,0.0
195,8.0,0.0,0.0,0.0,0.0,<genexpr>,C,,57,<genexpr>:57(C),0,exec3-SCS,0.0,0.0
196,16.0,0.0,0.0,0.0,0.0,empty_like,<__array_function__ internals>,,2,empty_like:2(<__array_function__ internals>),0,exec3-SCS,0.0,0.0
197,2.0,0.0,0.0,0.0,0.0,variables,C,,246,variables:246(C),0,exec3-SCS,0.0,0.0
198,3.0,0.0,0.0,0.0,0.0,__init__,C,,38,__init__:38(C),0,exec3-SCS,0.0,0.0
199,1.0,0.0,0.0,0.0,0.0,allclose,<__array_function__ internals>,,2,allclose:2(<__array_function__ internals>),0,exec3-SCS,0.0,0.0
200,1.0,0.0,0.0,0.0,0.0,norm2,C,,73,norm2:73(C),0,exec3-SCS,0.0,0.0
201,13.0,0.0,0.0,0.0,0.0,is_concave,C,,181,is_concave:181(C),0,exec3-SCS,0.0,0.0
202,31/26,0.0,0.0,0.0,0.0,any,['builtins'],,,builtins.any,0,exec3-SCS,0.0,0.0
203,1.0,0.0,0.0,0.0,0.0,allclose,C,,2121,allclose:2121(C),0,exec3-SCS,0.0,0.0
204,3.0,0.0,0.0,0.0,0.0,copy,C,,74,copy:74(C),0,exec3-SCS,0.0,0.0
205,2.0,0.0,0.0,0.0,0.0,vec,C,,21,vec:21(C),0,exec3-SCS,0.0,0.0
206,60/55,0.0,0.0,0.0,0.0,<listcomp>,C,,6,<listcomp>:6(C),0,exec3-SCS,0.0,0.0
207,1.0,0.0,0.0,0.0,0.0,{numpy.random._generator.default_rng},,,,{numpy.random._generator.default_rng},0,exec3-SCS,0.0,0.0
208,1.0,0.0,0.0,0.0,0.0,apply,C,,92,apply:92(C),0,exec3-SCS,0.0,0.0
209,9.0,0.0,0.0,0.0,0.0,__neg__,C,,605,__neg__:605(C),0,exec3-SCS,0.0,0.0
210,68.0,0.0,0.0,0.0,0.0,__instancecheck__,C,,96,__instancecheck__:96(C),0,exec3-SCS,0.0,0.0
211,7.0,0.0,0.0,0.0,0.0,num_cones,C,,86,num_cones:86(C),0,exec3-SCS,0.0,0.0
212,19/7,0.0,0.0,0.0,0.0,variables,C,,46,variables:46(C),0,exec3-SCS,0.0,0.0
213,1.0,0.0,0.0,0.0,0.0,pnorm,C,,25,pnorm:25(C),0,exec3-SCS,0.0,0.0
214,1.0,0.0,0.0,0.0,0.0,invert,C,,330,invert:330(C),0,exec3-SCS,0.0,0.0
215,37.0,0.0,0.0,0.0,0.0,ndim,C,,3075,ndim:3075(C),0,exec3-SCS,0.0,0.0
216,1.0,0.0,0.0,0.0,0.0,as_block_diag_linear_operator,C,,53,as_block_diag_linear_operator:53(C),0,exec3-SCS,0.0,0.0
217,1.0,0.0,0.0,0.0,0.0,isclose,<__array_function__ internals>,,2,isclose:2(<__array_function__ internals>),0,exec3-SCS,0.0,0.0
218,1.0,0.0,0.0,0.0,0.0,__init__,C,,118,__init__:118(C),0,exec3-SCS,0.0,0.0
219,1.0,0.0,0.0,0.0,0.0,isclose,C,,2197,isclose:2197(C),0,exec3-SCS,0.0,0.0
220,8.0,0.0,0.0,0.0,0.0,broadcast,C,,469,broadcast:469(C),0,exec3-SCS,0.0,0.0
221,5.0,0.0,0.0,0.0,0.0,size,C,,91,size:91(C),0,exec3-SCS,0.0,0.0
222,3.0,0.0,0.0,0.0,0.0,append,<__array_function__ internals>,,2,append:2(<__array_function__ internals>),0,exec3-SCS,0.0,0.0
223,328.0,0.0,0.0,0.0,0.0,get_shape,C,,80,get_shape:80(C),0,exec3-SCS,0.0,0.0
224,31.0,0.0,0.0,0.0,0.0,parent,<frozen importlib._bootstrap>,,389,parent:389(<frozen importlib._bootstrap>),0,exec3-SCS,0.0,0.0
225,2.0,0.0,0.0,0.0,0.0,<listcomp>,C,,81,<listcomp>:81(C),0,exec3-SCS,0.0,0.0
226,11.0,0.0,0.0,0.0,0.0,isscalarlike,C,,181,isscalarlike:181(C),0,exec3-SCS,0.0,0.0
227,1.0,0.0,0.0,0.0,0.0,accepts,C,,30,accepts:30(C),0,exec3-SCS,0.0,0.0
228,4.0,0.0,0.0,0.0,0.0,<listcomp>,C,,162,<listcomp>:162(C),0,exec3-SCS,0.0,0.0
229,3.0,0.0,0.0,0.0,0.0,append,C,,4616,append:4616(C),0,exec3-SCS,0.0,0.0
230,3.0,0.0,0.0,0.0,0.0,__init__,C,,100,__init__:100(C),0,exec3-SCS,0.0,0.0
231,4.0,0.0,0.0,0.0,0.0,_construct_dual_variables,C,,159,_construct_dual_variables:159(C),0,exec3-SCS,0.0,0.0
232,9.0,0.0,0.0,0.0,0.0,shape_from_args,C,,38,shape_from_args:38(C),0,exec3-SCS,0.0,0.0
233,2.0,0.0,0.0,0.0,0.0,parameters,C,,260,parameters:260(C),0,exec3-SCS,0.0,0.0
234,1.0,0.0,0.0,0.0,0.0,pow_high,C,,86,pow_high:86(C),0,exec3-SCS,0.0,0.0
235,15.0,0.0,0.0,0.0,0.0,isscalar,C,,1816,isscalar:1816(C),0,exec3-SCS,0.0,0.0
236,2.0,0.0,0.0,0.0,0.0,__init__,C,,41,__init__:41(C),0,exec3-SCS,0.0,0.0
237,94.0,0.0,0.0,0.0,0.0,_prune_array,C,,133,_prune_array:133(C),0,exec3-SCS,0.0,0.0
238,22/10,0.0,0.0,0.0,0.0,parameters,C,,52,parameters:52(C),0,exec3-SCS,0.0,0.0
239,11.0,0.0,0.0,0.0,0.0,_wrapfunc,C,,52,_wrapfunc:52(C),0,exec3-SCS,0.0,0.0
240,16.0,0.0,0.0,0.0,0.0,_process_slice,C,,1272,_process_slice:1272(C),0,exec3-SCS,0.0,0.0
241,142.0,0.0,0.0,0.0,0.0,max,C,,522,max:522(C),0,exec3-SCS,0.0,0.0
242,91.0,0.0,0.0,0.0,0.0,isspmatrix,C,,1188,isspmatrix:1188(C),0,exec3-SCS,0.0,0.0
243,68.0,0.0,0.0,0.0,0.0,_abc_instancecheck,['_abc'],,,_abc._abc_instancecheck,0,exec3-SCS,0.0,0.0
244,9.0,0.0,0.0,0.0,0.0,__init__,C,,27,__init__:27(C),0,exec3-SCS,0.0,0.0
245,7.0,0.0,0.0,0.0,0.0,format_matrix,C,,374,format_matrix:374(C),0,exec3-SCS,0.0,0.0
246,19/7,0.0,0.0,0.0,0.0,<listcomp>,C,,50,<listcomp>:50(C),0,exec3-SCS,0.0,0.0
247,25.0,0.0,0.0,0.0,0.0,is_scalar,C,,394,is_scalar:394(C),0,exec3-SCS,0.0,0.0
248,1.0,0.0,0.0,0.0,0.0,_find_candidate_solvers,C,,539,_find_candidate_solvers:539(C),0,exec3-SCS,0.0,0.0
249,86.0,0.0,0.0,0.0,0.0,max,['builtins'],,,builtins.max,0,exec3-SCS,0.0,0.0
250,18.0,0.0,0.0,0.0,0.0,upcast,C,,20,upcast:20(C),0,exec3-SCS,0.0,0.0
251,20.0,0.0,0.0,0.0,0.0,_compatible_boolean_index,C,,354,_compatible_boolean_index:354(C),0,exec3-SCS,0.0,0.0
252,83.0,0.0,0.0,0.0,0.0,<dictcomp>,C,,71,<dictcomp>:71(C),0,exec3-SCS,0.0,0.0
253,3.0,0.0,0.0,0.0,0.0,csr_matmat_maxnnz,"['scipy', 'sparse', '_sparsetools']",,,scipy.sparse._sparsetools.csr_matmat_maxnnz,0,exec3-SCS,0.0,0.0
254,3.0,0.0,0.0,0.0,0.0,all,<__array_function__ internals>,,2,all:2(<__array_function__ internals>),0,exec3-SCS,0.0,0.0
255,11.0,0.0,0.0,0.0,0.0,sum_shapes,C,,22,sum_shapes:22(C),0,exec3-SCS,0.0,0.0
256,1.0,0.0,0.0,0.0,0.0,flatten,C,,389,flatten:389(C),0,exec3-SCS,0.0,0.0
257,7.0,0.0,0.0,0.0,0.0,reshape,<__array_function__ internals>,,2,reshape:2(<__array_function__ internals>),0,exec3-SCS,0.0,0.0
258,1.0,0.0,0.0,0.0,0.0,get_parameter_vector,C,,24,get_parameter_vector:24(C),0,exec3-SCS,0.0,0.0
259,316.0,0.0,0.0,0.0,0.0,items,dict,,,items(dict),0,exec3-SCS,0.0,0.0
260,2.0,0.0,0.0,0.0,0.0,validate_arguments,C,,68,validate_arguments:68(C),0,exec3-SCS,0.0,0.0
261,3.0,0.0,0.0,0.0,0.0,cumsum,<__array_function__ internals>,,2,cumsum:2(<__array_function__ internals>),0,exec3-SCS,0.0,0.0
262,1.0,0.0,0.0,0.0,0.0,extract_mip_idx,C,,25,extract_mip_idx:25(C),0,exec3-SCS,0.0,0.0
263,26.0,0.0,0.0,0.0,0.0,<listcomp>,C,,44,<listcomp>:44(C),0,exec3-SCS,0.0,0.0
264,1.0,0.0,0.0,0.0,0.0,is_mixed_integer,C,,241,is_mixed_integer:241(C),0,exec3-SCS,0.0,0.0
265,66.0,0.0,0.0,0.0,0.0,newbyteorder,numpy.dtype,,,newbyteorder(numpy.dtype),0,exec3-SCS,0.0,0.0
266,21.0,0.0,0.0,0.0,0.0,__init__,C,,970,__init__:970(C),0,exec3-SCS,0.0,0.0
267,19.0,0.0,0.0,0.0,0.0,__init__,C,,154,__init__:154(C),0,exec3-SCS,0.0,0.0
268,5.0,0.0,0.0,0.0,0.0,ones,C,,144,ones:144(C),0,exec3-SCS,0.0,0.0
269,2.0,0.0,0.0,0.0,0.0,<listcomp>,C,,59,<listcomp>:59(C),0,exec3-SCS,0.0,0.0
270,10.0,0.0,0.0,0.0,0.0,arange,['numpy'],,,numpy.arange,0,exec3-SCS,0.0,0.0
271,100.0,0.0,0.0,0.0,0.0,setattr,['builtins'],,,builtins.setattr,0,exec3-SCS,0.0,0.0
272,22/10,0.0,0.0,0.0,0.0,<listcomp>,C,,56,<listcomp>:56(C),0,exec3-SCS,0.0,0.0
273,2.0,0.0,0.0,0.0,0.0,is_dcp,C,,145,is_dcp:145(C),0,exec3-SCS,0.0,0.0
274,168.0,0.0,0.0,0.0,0.0,index,['_operator'],,,_operator.index,0,exec3-SCS,0.0,0.0
275,3.0,0.0,0.0,0.0,0.0,all,C,,2337,all:2337(C),0,exec3-SCS,0.0,0.0
276,10/5,0.0,0.0,0.0,0.0,is_complex,C,,44,is_complex:44(C),0,exec3-SCS,0.0,0.0
277,39.0,0.0,0.0,0.0,0.0,_handle_fromlist,<frozen importlib._bootstrap>,,1017,_handle_fromlist:1017(<frozen importlib._bootstrap>),0,exec3-SCS,0.0,0.0
278,19.0,0.0,0.0,0.0,0.0,__init__,C,,332,__init__:332(C),0,exec3-SCS,0.0,0.0
279,3.0,0.0,0.0,0.0,0.0,csc_tocsr,"['scipy', 'sparse', '_sparsetools']",,,scipy.sparse._sparsetools.csc_tocsr,0,exec3-SCS,0.0,0.0
280,4.0,0.0,0.0,0.0,0.0,shape,C,,119,shape:119(C),0,exec3-SCS,0.0,0.0
281,3.0,0.0,0.0,0.0,0.0,cumsum,C,,2418,cumsum:2418(C),0,exec3-SCS,0.0,0.0
282,2.0,0.0,0.0,0.0,0.0,cone_sizes,C,,98,cone_sizes:98(C),0,exec3-SCS,0.0,0.0
283,1.0,0.0,0.0,0.0,0.0,constants,C,,274,constants:274(C),0,exec3-SCS,0.0,0.0
284,1.0,0.0,0.0,0.0,0.0,inner,C,,72,inner:72(C),0,exec3-SCS,0.0,0.0
285,3.0,0.0,0.0,0.0,0.0,__init__,C,,30,__init__:30(C),0,exec3-SCS,0.0,0.0
286,1.0,0.0,0.0,0.0,0.0,atoms,C,,292,atoms:292(C),0,exec3-SCS,0.0,0.0
287,164.0,0.0,0.0,0.0,0.0,shape,C,,74,shape:74(C),0,exec3-SCS,0.0,0.0
288,5.0,0.0,0.0,0.0,0.0,reverse,C,,394,reverse:394(C),0,exec3-SCS,0.0,0.0
289,2.0,0.0,0.0,0.0,0.0,__init__,C,,45,__init__:45(C),0,exec3-SCS,0.0,0.0
290,220.0,0.0,0.0,0.0,0.0,can_cast,C,,468,can_cast:468(C),0,exec3-SCS,0.0,0.0
291,107.0,0.0,0.0,0.0,0.0,_swap,C,,230,_swap:230(C),0,exec3-SCS,0.0,0.0
292,2.0,0.0,0.0,0.0,0.0,__init__,C,,39,__init__:39(C),0,exec3-SCS,0.0,0.0
293,78.0,0.0,0.0,0.0,0.0,__hash__,C,,635,__hash__:635(C),0,exec3-SCS,0.0,0.0
294,7.0,0.0,0.0,0.0,0.0,reshape,C,,199,reshape:199(C),0,exec3-SCS,0.0,0.0
295,204.0,0.0,0.0,0.0,0.0,<listcomp>,C,,41,<listcomp>:41(C),0,exec3-SCS,0.0,0.0
296,2.0,0.0,0.0,0.0,0.0,<dictcomp>,C,,128,<dictcomp>:128(C),0,exec3-SCS,0.0,0.0
297,20.0,0.0,0.0,0.0,0.0,_first_element_bool,C,,339,_first_element_bool:339(C),0,exec3-SCS,0.0,0.0
298,8.0,0.0,0.0,0.0,0.0,__new__,C,,84,__new__:84(C),0,exec3-SCS,0.0,0.0
299,1.0,0.0,0.0,0.0,0.0,within_tol,C,,2274,within_tol:2274(C),0,exec3-SCS,0.0,0.0
300,56.0,0.0,0.0,0.0,0.0,add,set,,,add(set),0,exec3-SCS,0.0,0.0
301,2.0,0.0,0.0,0.0,0.0,atoms,C,,108,atoms:108(C),0,exec3-SCS,0.0,0.0
302,7/2,0.0,0.0,0.0,0.0,constants,C,,58,constants:58(C),0,exec3-SCS,0.0,0.0
303,24/14,0.0,0.0,0.0,0.0,<genexpr>,C,,48,<genexpr>:48(C),0,exec3-SCS,0.0,0.0
304,240.0,0.0,0.0,0.0,0.0,dpp_scope_active,C,,47,dpp_scope_active:47(C),0,exec3-SCS,0.0,0.0
305,1.0,0.0,0.0,0.0,0.0,__rmatmul__,C,,597,__rmatmul__:597(C),0,exec3-SCS,0.0,0.0
306,2.0,0.0,0.0,0.0,0.0,<listcomp>,C,,129,<listcomp>:129(C),0,exec3-SCS,0.0,0.0
307,1.0,0.0,0.0,0.0,0.0,atleast_1d,<__array_function__ internals>,,2,atleast_1d:2(<__array_function__ internals>),0,exec3-SCS,0.0,0.0
308,5.0,0.0,0.0,0.0,0.0,<genexpr>,C,,32,<genexpr>:32(C),0,exec3-SCS,0.0,0.0
309,3.0,0.0,0.0,0.0,0.0,_process_toarray_args,C,,1174,_process_toarray_args:1174(C),0,exec3-SCS,0.0,0.0
310,2.0,0.0,0.0,0.0,0.0,scalar_value,C,,183,scalar_value:183(C),0,exec3-SCS,0.0,0.0
311,1.0,0.0,0.0,0.0,0.0,unpack,C,,1000,unpack:1000(C),0,exec3-SCS,0.0,0.0
312,13.0,0.0,0.0,0.0,0.0,asanyarray,C,,86,asanyarray:86(C),0,exec3-SCS,0.0,0.0
313,3.0,0.0,0.0,0.0,0.0,group_constraints,C,,60,group_constraints:60(C),0,exec3-SCS,0.0,0.0
314,4.0,0.0,0.0,0.0,0.0,seterr,C,,32,seterr:32(C),0,exec3-SCS,0.0,0.0
315,5.0,0.0,0.0,0.0,0.0,asfortranarray,C,,180,asfortranarray:180(C),0,exec3-SCS,0.0,0.0
316,7/2,0.0,0.0,0.0,0.0,<listcomp>,C,,62,<listcomp>:62(C),0,exec3-SCS,0.0,0.0
317,10.0,0.0,0.0,0.0,0.0,constant,C,,35,constant:35(C),0,exec3-SCS,0.0,0.0
318,8.0,0.0,0.0,0.0,0.0,helper,C,,238,helper:238(C),0,exec3-SCS,0.0,0.0
319,31.0,0.0,0.0,0.0,0.0,rpartition,str,,,rpartition(str),0,exec3-SCS,0.0,0.0
320,30.0,0.0,0.0,0.0,0.0,<genexpr>,C,,99,<genexpr>:99(C),0,exec3-SCS,0.0,0.0
321,4.0,0.0,0.0,0.0,0.0,_div,C,,431,_div:431(C),0,exec3-SCS,0.0,0.0
322,1.0,0.0,0.0,0.0,0.0,atleast_1d,C,,24,atleast_1d:24(C),0,exec3-SCS,0.0,0.0
323,3.0,0.0,0.0,0.0,0.0,ravel,<__array_function__ internals>,,2,ravel:2(<__array_function__ internals>),0,exec3-SCS,0.0,0.0
324,7.0,0.0,0.0,0.0,0.0,<genexpr>,C,,116,<genexpr>:116(C),0,exec3-SCS,0.0,0.0
325,2.0,0.0,0.0,0.0,0.0,squeeze,<__array_function__ internals>,,2,squeeze:2(<__array_function__ internals>),0,exec3-SCS,0.0,0.0
326,8.0,0.0,0.0,0.0,0.0,__set_has_canonical_format,C,,1076,__set_has_canonical_format:1076(C),0,exec3-SCS,0.0,0.0
327,21.0,0.0,0.0,0.0,0.0,get_type,C,,420,get_type:420(C),0,exec3-SCS,0.0,0.0
328,9.0,0.0,0.0,0.0,0.0,neg_expr,C,,85,neg_expr:85(C),0,exec3-SCS,0.0,0.0
329,3.0,0.0,0.0,0.0,0.0,is_real,C,,360,is_real:360(C),0,exec3-SCS,0.0,0.0
330,45.0,0.0,0.0,0.0,0.0,_get_dtype,C,,23,_get_dtype:23(C),0,exec3-SCS,0.0,0.0
331,5.0,0.0,0.0,0.0,0.0,copyto,<__array_function__ internals>,,2,copyto:2(<__array_function__ internals>),0,exec3-SCS,0.0,0.0
332,3.0,0.0,0.0,0.0,0.0,all,numpy.generic,,,all(numpy.generic),0,exec3-SCS,0.0,0.0
333,44.0,0.0,0.0,0.0,0.0,get_id,C,,43,get_id:43(C),0,exec3-SCS,0.0,0.0
334,2.0,0.0,0.0,0.0,0.0,__enter__,C,,433,__enter__:433(C),0,exec3-SCS,0.0,0.0
335,1.0,0.0,0.0,0.0,0.0,copy,C,,84,copy:84(C),0,exec3-SCS,0.0,0.0
336,1.0,0.0,0.0,0.0,0.0,<listcomp>,C,,55,<listcomp>:55(C),0,exec3-SCS,0.0,0.0
337,5/2,0.0,0.0,0.0,0.0,atoms,C,,458,atoms:458(C),0,exec3-SCS,0.0,0.0
338,15.0,0.0,0.0,0.0,0.0,__getattr__,C,,673,__getattr__:673(C),0,exec3-SCS,0.0,0.0
339,9.0,0.0,0.0,0.0,0.0,variable,C,,45,variable:45(C),0,exec3-SCS,0.0,0.0
340,1.0,0.0,0.0,0.0,0.0,attributes_present,C,,54,attributes_present:54(C),0,exec3-SCS,0.0,0.0
341,5.0,0.0,0.0,0.0,0.0,<genexpr>,C,,600,<genexpr>:600(C),0,exec3-SCS,0.0,0.0
342,21.0,0.0,0.0,0.0,0.0,ConstLinOpVector_swiginit,['_cvxcore'],,,_cvxcore.ConstLinOpVector_swiginit,0,exec3-SCS,0.0,0.0
343,110.0,0.0,0.0,0.0,0.0,append,list,,,append(list),0,exec3-SCS,0.0,0.0
344,19.0,0.0,0.0,0.0,0.0,IntVector_swiginit,['_cvxcore'],,,_cvxcore.IntVector_swiginit,0,exec3-SCS,0.0,0.0
345,22.0,0.0,0.0,0.0,0.0,push_back,C,,973,push_back:973(C),0,exec3-SCS,0.0,0.0
346,1.0,0.0,0.0,0.0,0.0,<listcomp>,C,,58,<listcomp>:58(C),0,exec3-SCS,0.0,0.0
347,3.0,0.0,0.0,0.0,0.0,const_to_matrix,C,,29,const_to_matrix:29(C),0,exec3-SCS,0.0,0.0
348,1.0,0.0,0.0,0.0,0.0,__init__,C,,25,__init__:25(C),0,exec3-SCS,0.0,0.0
349,4.0,0.0,0.0,0.0,0.0,as_linear_operator,C,,46,as_linear_operator:46(C),0,exec3-SCS,0.0,0.0
350,3.0,0.0,0.0,0.0,0.0,csr_todense,"['scipy', 'sparse', '_sparsetools']",,,scipy.sparse._sparsetools.csr_todense,0,exec3-SCS,0.0,0.0
351,9.0,0.0,0.0,0.0,0.0,reshape,numpy.ndarray,,,reshape(numpy.ndarray),0,exec3-SCS,0.0,0.0
352,2.0,0.0,0.0,0.0,0.0,shape_from_args,C,,113,shape_from_args:113(C),0,exec3-SCS,0.0,0.0
353,72.0,0.0,0.0,0.0,0.0,shape,C,,173,shape:173(C),0,exec3-SCS,0.0,0.0
354,80.0,0.0,0.0,0.0,0.0,_prod_dispatcher,C,,2876,_prod_dispatcher:2876(C),0,exec3-SCS,0.0,0.0
355,8.0,0.0,0.0,0.0,0.0,add_expr,C,,25,add_expr:25(C),0,exec3-SCS,0.0,0.0
356,1.0,0.0,0.0,0.0,0.0,__init__,C,,44,__init__:44(C),0,exec3-SCS,0.0,0.0
357,8.0,0.0,0.0,0.0,0.0,__exit__,C,,117,__exit__:117(C),0,exec3-SCS,0.0,0.0
358,1.0,0.0,0.0,0.0,0.0,sum,numpy.ndarray,,,sum(numpy.ndarray),0,exec3-SCS,0.0,0.0
359,19.0,0.0,0.0,0.0,0.0,LinOp_swiginit,['_cvxcore'],,,_cvxcore.LinOp_swiginit,0,exec3-SCS,0.0,0.0
360,12.0,0.0,0.0,0.0,0.0,partial_problem,C,,130,partial_problem:130(C),0,exec3-SCS,0.0,0.0
361,3.0,0.0,0.0,0.0,0.0,_all,C,,56,_all:56(C),0,exec3-SCS,0.0,0.0
362,1.0,0.0,0.0,0.0,0.0,value,C,,344,value:344(C),0,exec3-SCS,0.0,0.0
363,1.0,0.0,0.0,0.0,0.0,_wrapit,C,,39,_wrapit:39(C),0,exec3-SCS,0.0,0.0
364,1.0,0.0,0.0,0.0,0.0,{function SeedSequence.generate_state at 0x0000025B23F5A700},,,,{function SeedSequence.generate_state at 0x0000025B23F5A700},0,exec3-SCS,0.0,0.0
365,18.0,0.0,0.0,0.0,0.0,<genexpr>,C,,128,<genexpr>:128(C),0,exec3-SCS,0.0,0.0
366,86.0,0.0,0.0,0.0,0.0,id,['builtins'],,,builtins.id,0,exec3-SCS,0.0,0.0
367,19.0,0.0,0.0,0.0,0.0,new_LinOp,['_cvxcore'],,,_cvxcore.new_LinOp,0,exec3-SCS,0.0,0.0
368,12.0,0.0,0.0,0.0,0.0,__subclasscheck__,C,,100,__subclasscheck__:100(C),0,exec3-SCS,0.0,0.0
369,3.0,0.0,0.0,0.0,0.0,cumsum,numpy.ndarray,,,cumsum(numpy.ndarray),0,exec3-SCS,0.0,0.0
370,1.0,0.0,0.0,0.0,0.0,project,C,,274,project:274(C),0,exec3-SCS,0.0,0.0
371,21.0,0.0,0.0,0.0,0.0,get,dict,,,get(dict),0,exec3-SCS,0.0,0.0
372,8.0,0.0,0.0,0.0,0.0,__init__,C,,82,__init__:82(C),0,exec3-SCS,0.0,0.0
373,1.0,0.0,0.0,0.0,0.0,_sum,C,,45,_sum:45(C),0,exec3-SCS,0.0,0.0
374,78.0,0.0,0.0,0.0,0.0,_swap,C,,235,_swap:235(C),0,exec3-SCS,0.0,0.0
375,15.0,0.0,0.0,0.0,0.0,push_back,C,,335,push_back:335(C),0,exec3-SCS,0.0,0.0
376,8.0,0.0,0.0,0.0,0.0,_check_ellipsis,C,,291,_check_ellipsis:291(C),0,exec3-SCS,0.0,0.0
377,13.0,0.0,0.0,0.0,0.0,is_complex,C,,252,is_complex:252(C),0,exec3-SCS,0.0,0.0
378,1.0,0.0,0.0,0.0,0.0,sum,C,,101,sum:101(C),0,exec3-SCS,0.0,0.0
379,2.0,0.0,0.0,0.0,0.0,is_complex,C,,135,is_complex:135(C),0,exec3-SCS,0.0,0.0
380,4.0,0.0,0.0,0.0,0.0,__init__,C,,740,__init__:740(C),0,exec3-SCS,0.0,0.0
381,23.0,0.0,0.0,0.0,0.0,iter,['builtins'],,,builtins.iter,0,exec3-SCS,0.0,0.0
382,3.0,0.0,0.0,0.0,0.0,ravel,C,,1705,ravel:1705(C),0,exec3-SCS,0.0,0.0
383,10.0,0.0,0.0,0.0,0.0,__setitem__,C,,734,__setitem__:734(C),0,exec3-SCS,0.0,0.0
384,8.0,0.0,0.0,0.0,0.0,__enter__,C,,108,__enter__:108(C),0,exec3-SCS,0.0,0.0
385,12.0,0.0,0.0,0.0,0.0,__set_sorted,C,,1115,__set_sorted:1115(C),0,exec3-SCS,0.0,0.0
386,4.0,0.0,0.0,0.0,0.0,graph_implementation,C,,104,graph_implementation:104(C),0,exec3-SCS,0.0,0.0
387,1.0,0.0,0.0,0.0,0.0,nonzero,<__array_function__ internals>,,2,nonzero:2(<__array_function__ internals>),0,exec3-SCS,0.0,0.0
388,2.0,0.0,0.0,0.0,0.0,__init__,C,,82,__init__:82(C),0,exec3-SCS,0.0,0.0
389,1.0,0.0,0.0,0.0,0.0,atleast_2d,<__array_function__ internals>,,2,atleast_2d:2(<__array_function__ internals>),0,exec3-SCS,0.0,0.0
390,14.0,0.0,0.0,0.0,0.0,indices,slice,,,indices(slice),0,exec3-SCS,0.0,0.0
391,2.0,0.0,0.0,0.0,0.0,__exit__,C,,438,__exit__:438(C),0,exec3-SCS,0.0,0.0
392,36.0,0.0,0.0,0.0,0.0,<genexpr>,C,,397,<genexpr>:397(C),0,exec3-SCS,0.0,0.0
393,3.0,0.0,0.0,0.0,0.0,canonicalize,C,,107,canonicalize:107(C),0,exec3-SCS,0.0,0.0
394,9.0,0.0,0.0,0.0,0.0,<listcomp>,C,,41,<listcomp>:41(C),0,exec3-SCS,0.0,0.0
395,1.0,0.0,0.0,0.0,0.0,__init__,C,,38,__init__:38(C),0,exec3-SCS,0.0,0.0
396,18.0,0.0,0.0,0.0,0.0,expand_args,C,,43,expand_args:43(C),0,exec3-SCS,0.0,0.0
397,16.0,0.0,0.0,0.0,0.0,next,['builtins'],,,builtins.next,0,exec3-SCS,0.0,0.0
398,2.0,0.0,0.0,0.0,0.0,mul_shapes,C,,114,mul_shapes:114(C),0,exec3-SCS,0.0,0.0
399,10.0,0.0,0.0,0.0,0.0,ndim,C,,383,ndim:383(C),0,exec3-SCS,0.0,0.0
400,1.0,0.0,0.0,0.0,0.0,_value_impl,C,,350,_value_impl:350(C),0,exec3-SCS,0.0,0.0
401,5.0,0.0,0.0,0.0,0.0,check_reshape_kwargs,C,,315,check_reshape_kwargs:315(C),0,exec3-SCS,0.0,0.0
402,6.0,0.0,0.0,0.0,0.0,is_atom_convex,C,,118,is_atom_convex:118(C),0,exec3-SCS,0.0,0.0
403,1.0,0.0,0.0,0.0,0.0,param_value,C,,168,param_value:168(C),0,exec3-SCS,0.0,0.0
404,4.0,0.0,0.0,0.0,0.0,graph_implementation,C,,74,graph_implementation:74(C),0,exec3-SCS,0.0,0.0
405,3.0,0.0,0.0,0.0,0.0,shape,C,,57,shape:57(C),0,exec3-SCS,0.0,0.0
406,8.0,0.0,0.0,0.0,0.0,set_data_ndim,C,,187,set_data_ndim:187(C),0,exec3-SCS,0.0,0.0
407,18.0,0.0,0.0,0.0,0.0,hash,['builtins'],,,builtins.hash,0,exec3-SCS,0.0,0.0
408,1.0,0.0,0.0,0.0,0.0,nonzero,C,,1816,nonzero:1816(C),0,exec3-SCS,0.0,0.0
409,2.0,0.0,0.0,0.0,0.0,iscomplexobj,<__array_function__ internals>,,2,iscomplexobj:2(<__array_function__ internals>),0,exec3-SCS,0.0,0.0
410,1.0,0.0,0.0,0.0,0.0,stop,C,,78,stop:78(C),0,exec3-SCS,0.0,0.0
411,12.0,0.0,0.0,0.0,0.0,_abc_subclasscheck,['_abc'],,,_abc._abc_subclasscheck,0,exec3-SCS,0.0,0.0
412,22.0,0.0,0.0,0.0,0.0,ConstLinOpVector_push_back,['_cvxcore'],,,_cvxcore.ConstLinOpVector_push_back,0,exec3-SCS,0.0,0.0
413,2.0,0.0,0.0,0.0,0.0,squeeze,C,,1428,squeeze:1428(C),0,exec3-SCS,0.0,0.0
414,2.0,0.0,0.0,0.0,0.0,canonicalize,C,,98,canonicalize:98(C),0,exec3-SCS,0.0,0.0
415,4.0,0.0,0.0,0.0,0.0,geterr,C,,132,geterr:132(C),0,exec3-SCS,0.0,0.0
416,1.0,0.0,0.0,0.0,0.0,__get_sorted,C,,1100,__get_sorted:1100(C),0,exec3-SCS,0.0,0.0
417,18.0,0.0,0.0,0.0,0.0,__init__,C,,24,__init__:24(C),0,exec3-SCS,0.0,0.0
418,37.0,0.0,0.0,0.0,0.0,_ndim_dispatcher,C,,3071,_ndim_dispatcher:3071(C),0,exec3-SCS,0.0,0.0
419,2.0,0.0,0.0,0.0,0.0,_solve_as_qp,C,,37,_solve_as_qp:37(C),0,exec3-SCS,0.0,0.0
420,42.0,0.0,0.0,0.0,0.0,pop,list,,,pop(list),0,exec3-SCS,0.0,0.0
421,18.0,0.0,0.0,0.0,0.0,constraints,C,,136,constraints:136(C),0,exec3-SCS,0.0,0.0
422,21.0,0.0,0.0,0.0,0.0,new_ConstLinOpVector,['_cvxcore'],,,_cvxcore.new_ConstLinOpVector,0,exec3-SCS,0.0,0.0
423,1.0,0.0,0.0,0.0,0.0,__init__,C,,1156,__init__:1156(C),0,exec3-SCS,0.0,0.0
424,5.0,0.0,0.0,0.0,0.0,__init__,C,,35,__init__:35(C),0,exec3-SCS,0.0,0.0
425,2.0,0.0,0.0,0.0,0.0,nonzero,numpy.ndarray,,,nonzero(numpy.ndarray),0,exec3-SCS,0.0,0.0
426,2.0,0.0,0.0,0.0,0.0,mul_shapes_promote,C,,67,mul_shapes_promote:67(C),0,exec3-SCS,0.0,0.0
427,11.0,0.0,0.0,0.0,0.0,isdense,C,,238,isdense:238(C),0,exec3-SCS,0.0,0.0
428,9.0,0.0,0.0,0.0,0.0,shape_from_args,C,,44,shape_from_args:44(C),0,exec3-SCS,0.0,0.0
429,32.0,0.0,0.0,0.0,0.0,<genexpr>,C,,58,<genexpr>:58(C),0,exec3-SCS,0.0,0.0
430,4.0,0.0,0.0,0.0,0.0,is_sparse,C,,111,is_sparse:111(C),0,exec3-SCS,0.0,0.0
431,24.0,0.0,0.0,0.0,0.0,validate_arguments,C,,60,validate_arguments:60(C),0,exec3-SCS,0.0,0.0
432,10.0,0.0,0.0,0.0,0.0,prod,C,,143,prod:143(C),0,exec3-SCS,0.0,0.0
433,1.0,0.0,0.0,0.0,0.0,limit_denominator,C,,227,limit_denominator:227(C),0,exec3-SCS,0.0,0.0
434,2.0,0.0,0.0,0.0,0.0,_is_lp,C,,25,_is_lp:25(C),0,exec3-SCS,0.0,0.0
435,1.0,0.0,0.0,0.0,0.0,__init__,C,,247,__init__:247(C),0,exec3-SCS,0.0,0.0
436,19.0,0.0,0.0,0.0,0.0,new_IntVector,['_cvxcore'],,,_cvxcore.new_IntVector,0,exec3-SCS,0.0,0.0
437,1.0,0.0,0.0,0.0,0.0,atleast_2d,C,,82,atleast_2d:82(C),0,exec3-SCS,0.0,0.0
438,3.0,0.0,0.0,0.0,0.0,create_var,C,,56,create_var:56(C),0,exec3-SCS,0.0,0.0
439,3.0,0.0,0.0,0.0,0.0,is_atom_concave,C,,141,is_atom_concave:141(C),0,exec3-SCS,0.0,0.0
440,1.0,0.0,0.0,0.0,0.0,numeric,C,,34,numeric:34(C),0,exec3-SCS,0.0,0.0
441,3.0,0.0,0.0,0.0,0.0,shape,C,,169,shape:169(C),0,exec3-SCS,0.0,0.0
442,1.0,0.0,0.0,0.0,0.0,invert,C,,76,invert:76(C),0,exec3-SCS,0.0,0.0
443,3.0,0.0,0.0,0.0,0.0,shape_from_args,C,,35,shape_from_args:35(C),0,exec3-SCS,0.0,0.0
444,15.0,0.0,0.0,0.0,0.0,IntVector_push_back,['_cvxcore'],,,_cvxcore.IntVector_push_back,0,exec3-SCS,0.0,0.0
445,9.0,0.0,0.0,0.0,0.0,<genexpr>,C,,276,<genexpr>:276(C),0,exec3-SCS,0.0,0.0
446,4.0,0.0,0.0,0.0,0.0,__init__,C,,51,__init__:51(C),0,exec3-SCS,0.0,0.0
447,1.0,0.0,0.0,0.0,0.0,<listcomp>,C,,602,<listcomp>:602(C),0,exec3-SCS,0.0,0.0
448,4.0,0.0,0.0,0.0,0.0,neg_expr,C,,175,neg_expr:175(C),0,exec3-SCS,0.0,0.0
449,1.0,0.0,0.0,0.0,0.0,accepts,C,,33,accepts:33(C),0,exec3-SCS,0.0,0.0
450,14.0,0.0,0.0,0.0,0.0,min,['builtins'],,,builtins.min,0,exec3-SCS,0.0,0.0
451,1.0,0.0,0.0,0.0,0.0,validate_arguments,C,,34,validate_arguments:34(C),0,exec3-SCS,0.0,0.0
452,22.0,0.0,0.0,0.0,0.0,id,C,,190,id:190(C),0,exec3-SCS,0.0,0.0
453,1.0,0.0,0.0,0.0,0.0,matmul_expr,C,,70,matmul_expr:70(C),0,exec3-SCS,0.0,0.0
454,6.0,0.0,0.0,0.0,0.0,ravel,numpy.ndarray,,,ravel(numpy.ndarray),0,exec3-SCS,0.0,0.0
455,4.0,0.0,0.0,0.0,0.0,sum_expr,C,,159,sum_expr:159(C),0,exec3-SCS,0.0,0.0
456,2.0,0.0,0.0,0.0,0.0,graph_implementation,C,,88,graph_implementation:88(C),0,exec3-SCS,0.0,0.0
457,1.0,0.0,0.0,0.0,0.0,__init__,C,,29,__init__:29(C),0,exec3-SCS,0.0,0.0
458,10.0,0.0,0.0,0.0,0.0,IntIntMap___setitem__,['_cvxcore'],,,_cvxcore.IntIntMap___setitem__,0,exec3-SCS,0.0,0.0
459,4.0,0.0,0.0,0.0,0.0,IntIntMap_swiginit,['_cvxcore'],,,_cvxcore.IntIntMap_swiginit,0,exec3-SCS,0.0,0.0
460,1.0,0.0,0.0,0.0,0.0,scalar_value,C,,66,scalar_value:66(C),0,exec3-SCS,0.0,0.0
461,26.0,0.0,0.0,0.0,0.0,is_constant,C,,87,is_constant:87(C),0,exec3-SCS,0.0,0.0
462,3.0,0.0,0.0,0.0,0.0,validate_arguments,C,,54,validate_arguments:54(C),0,exec3-SCS,0.0,0.0
463,13.0,0.0,0.0,0.0,0.0,objective,C,,126,objective:126(C),0,exec3-SCS,0.0,0.0
464,5.0,0.0,0.0,0.0,0.0,<genexpr>,C,,529,<genexpr>:529(C),0,exec3-SCS,0.0,0.0
465,2.0,0.0,0.0,0.0,0.0,iscomplexobj,C,,279,iscomplexobj:279(C),0,exec3-SCS,0.0,0.0
466,1.0,0.0,0.0,0.0,0.0,<dictcomp>,C,,312,<dictcomp>:312(C),0,exec3-SCS,0.0,0.0
467,21.0,0.0,0.0,0.0,0.0,upper,str,,,upper(str),0,exec3-SCS,0.0,0.0
468,16.0,0.0,0.0,0.0,0.0,dpp_scope,C,,22,dpp_scope:22(C),0,exec3-SCS,0.0,0.0
469,2.0,0.0,0.0,0.0,0.0,<dictcomp>,C,,41,<dictcomp>:41(C),0,exec3-SCS,0.0,0.0
470,1.0,0.0,0.0,0.0,0.0,sorted,['builtins'],,,builtins.sorted,0,exec3-SCS,0.0,0.0
471,1.0,0.0,0.0,0.0,0.0,real,<__array_function__ internals>,,2,real:2(<__array_function__ internals>),0,exec3-SCS,0.0,0.0
472,1.0,0.0,0.0,0.0,0.0,_sub,C,,417,_sub:417(C),0,exec3-SCS,0.0,0.0
473,1.0,0.0,0.0,0.0,0.0,value,C,,102,value:102(C),0,exec3-SCS,0.0,0.0
474,5.0,0.0,0.0,0.0,0.0,<listcomp>,C,,291,<listcomp>:291(C),0,exec3-SCS,0.0,0.0
475,2.0,0.0,0.0,0.0,0.0,create_const,C,,96,create_const:96(C),0,exec3-SCS,0.0,0.0
476,6.0,0.0,0.0,0.0,0.0,__len__,C,,290,__len__:290(C),0,exec3-SCS,0.0,0.0
477,3.0,0.0,0.0,0.0,0.0,__init__,C,,59,__init__:59(C),0,exec3-SCS,0.0,0.0
478,2.0,0.0,0.0,0.0,0.0,<dictcomp>,C,,134,<dictcomp>:134(C),0,exec3-SCS,0.0,0.0
479,8.0,0.0,0.0,0.0,0.0,LinOp_set_data_ndim,['_cvxcore'],,,_cvxcore.LinOp_set_data_ndim,0,exec3-SCS,0.0,0.0
480,1.0,0.0,0.0,0.0,0.0,_unpack_tuple,C,,136,_unpack_tuple:136(C),0,exec3-SCS,0.0,0.0
481,5.0,0.0,0.0,0.0,0.0,<genexpr>,C,,555,<genexpr>:555(C),0,exec3-SCS,0.0,0.0
482,6.0,0.0,0.0,0.0,0.0,is_constant,C,,68,is_constant:68(C),0,exec3-SCS,0.0,0.0
483,1.0,0.0,0.0,0.0,0.0,set_linOp_data,C,,181,set_linOp_data:181(C),0,exec3-SCS,0.0,0.0
484,1.0,0.0,0.0,0.0,0.0,neg,['_operator'],,,_operator.neg,0,exec3-SCS,0.0,0.0
485,16.0,0.0,0.0,0.0,0.0,empty_like,C,,75,empty_like:75(C),0,exec3-SCS,0.0,0.0
486,1.0,0.0,0.0,0.0,0.0,canonicalize,C,,100,canonicalize:100(C),0,exec3-SCS,0.0,0.0
487,11.0,0.0,0.0,0.0,0.0,concatenate,C,,143,concatenate:143(C),0,exec3-SCS,0.0,0.0
488,3.0,0.0,0.0,0.0,0.0,<genexpr>,C,,414,<genexpr>:414(C),0,exec3-SCS,0.0,0.0
489,1.0,0.0,0.0,0.0,0.0,graph_implementation,C,,62,graph_implementation:62(C),0,exec3-SCS,0.0,0.0
490,4.0,0.0,0.0,0.0,0.0,seterrobj,['numpy'],,,numpy.seterrobj,0,exec3-SCS,0.0,0.0
491,1.0,0.0,0.0,0.0,0.0,result_type,<__array_function__ internals>,,2,result_type:2(<__array_function__ internals>),0,exec3-SCS,0.0,0.0
492,3.0,0.0,0.0,0.0,0.0,_all_dispatcher,C,,2333,_all_dispatcher:2333(C),0,exec3-SCS,0.0,0.0
493,1.0,0.0,0.0,0.0,0.0,graph_implementation,C,,200,graph_implementation:200(C),0,exec3-SCS,0.0,0.0
494,1.0,0.0,0.0,0.0,0.0,<listcomp>,C,,409,<listcomp>:409(C),0,exec3-SCS,0.0,0.0
495,13.0,0.0,0.0,0.0,0.0,pop,dict,,,pop(dict),0,exec3-SCS,0.0,0.0
496,1.0,0.0,0.0,0.0,0.0,shape_from_args,C,,29,shape_from_args:29(C),0,exec3-SCS,0.0,0.0
497,1.0,0.0,0.0,0.0,0.0,dims_to_solver_dict,C,,29,dims_to_solver_dict:29(C),0,exec3-SCS,0.0,0.0
498,3.0,0.0,0.0,0.0,0.0,name,C,,136,name:136(C),0,exec3-SCS,0.0,0.0
499,4.0,0.0,0.0,0.0,0.0,isspmatrix_coo,C,,594,isspmatrix_coo:594(C),0,exec3-SCS,0.0,0.0
500,13.0,0.0,0.0,0.0,0.0,is_imag,C,,247,is_imag:247(C),0,exec3-SCS,0.0,0.0
501,1.0,0.0,0.0,0.0,0.0,validate_arguments,C,,154,validate_arguments:154(C),0,exec3-SCS,0.0,0.0
502,2.0,0.0,0.0,0.0,0.0,<dictcomp>,C,,127,<dictcomp>:127(C),0,exec3-SCS,0.0,0.0
503,6.0,0.0,0.0,0.0,0.0,<genexpr>,C,,193,<genexpr>:193(C),0,exec3-SCS,0.0,0.0
504,1.0,0.0,0.0,0.0,0.0,csr_has_sorted_indices,"['scipy', 'sparse', '_sparsetools']",,,scipy.sparse._sparsetools.csr_has_sorted_indices,0,exec3-SCS,0.0,0.0
505,1.0,0.0,0.0,0.0,0.0,expression,C,,20,expression:20(C),0,exec3-SCS,0.0,0.0
506,2.0,0.0,0.0,0.0,0.0,<listcomp>,C,,49,<listcomp>:49(C),0,exec3-SCS,0.0,0.0
507,7.0,0.0,0.0,0.0,0.0,<genexpr>,C,,58,<genexpr>:58(C),0,exec3-SCS,0.0,0.0
508,3.0,0.0,0.0,0.0,0.0,copy,C,,149,copy:149(C),0,exec3-SCS,0.0,0.0
509,2.0,0.0,0.0,0.0,0.0,reshape,C,,447,reshape:447(C),0,exec3-SCS,0.0,0.0
510,1.0,0.0,0.0,0.0,0.0,<lambda>,C,,215,<lambda>:215(C),0,exec3-SCS,0.0,0.0
511,17.0,0.0,0.0,0.0,0.0,is_constant,C,,65,is_constant:65(C),0,exec3-SCS,0.0,0.0
512,1.0,0.0,0.0,0.0,0.0,__init__,C,,13,__init__:13(C),0,exec3-SCS,0.0,0.0
513,1.0,0.0,0.0,0.0,0.0,__init__,C,,51,__init__:51(C),0,exec3-SCS,0.0,0.0
514,2.0,0.0,0.0,0.0,0.0,<genexpr>,C,,206,<genexpr>:206(C),0,exec3-SCS,0.0,0.0
515,1.0,0.0,0.0,0.0,0.0,vec,C,,155,vec:155(C),0,exec3-SCS,0.0,0.0
516,19.0,0.0,0.0,0.0,0.0,parameters,C,,184,parameters:184(C),0,exec3-SCS,0.0,0.0
517,16.0,0.0,0.0,0.0,0.0,is_atom_convex,C,,50,is_atom_convex:50(C),0,exec3-SCS,0.0,0.0
518,6.0,0.0,0.0,0.0,0.0,<genexpr>,C,,196,<genexpr>:196(C),0,exec3-SCS,0.0,0.0
519,3.0,0.0,0.0,0.0,0.0,update,dict,,,update(dict),0,exec3-SCS,0.0,0.0
520,2.0,0.0,0.0,0.0,0.0,squeeze,numpy.ndarray,,,squeeze(numpy.ndarray),0,exec3-SCS,0.0,0.0
521,4.0,0.0,0.0,0.0,0.0,new_IntIntMap,['_cvxcore'],,,_cvxcore.new_IntIntMap,0,exec3-SCS,0.0,0.0
522,3.0,0.0,0.0,0.0,0.0,<genexpr>,C,,562,<genexpr>:562(C),0,exec3-SCS,0.0,0.0
523,9.0,0.0,0.0,0.0,0.0,__new__,[],,,__new__,0,exec3-SCS,0.0,0.0
524,11.0,0.0,0.0,0.0,0.0,get_data,C,,99,get_data:99(C),0,exec3-SCS,0.0,0.0
525,10.0,0.0,0.0,0.0,0.0,variables,C,,102,variables:102(C),0,exec3-SCS,0.0,0.0
526,1.0,0.0,0.0,0.0,0.0,__init__,C,,35,__init__:35(C),0,exec3-SCS,0.0,0.0
527,2.0,0.0,0.0,0.0,0.0,<genexpr>,C,,167,<genexpr>:167(C),0,exec3-SCS,0.0,0.0
528,1.0,0.0,0.0,0.0,0.0,convert,C,,168,convert:168(C),0,exec3-SCS,0.0,0.0
529,1.0,0.0,0.0,0.0,0.0,save_dual_value,C,,241,save_dual_value:241(C),0,exec3-SCS,0.0,0.0
530,6.0,0.0,0.0,0.0,0.0,<genexpr>,C,,204,<genexpr>:204(C),0,exec3-SCS,0.0,0.0
531,2.0,0.0,0.0,0.0,0.0,_squeeze_dispatcher,C,,1424,_squeeze_dispatcher:1424(C),0,exec3-SCS,0.0,0.0
532,3.0,0.0,0.0,0.0,0.0,abs,['builtins'],,,builtins.abs,0,exec3-SCS,0.0,0.0
533,2.0,0.0,0.0,0.0,0.0,__init__,C,,46,__init__:46(C),0,exec3-SCS,0.0,0.0
534,1.0,0.0,0.0,0.0,0.0,<listcomp>,C,,501,<listcomp>:501(C),0,exec3-SCS,0.0,0.0
535,8.0,0.0,0.0,0.0,0.0,geterrobj,['numpy'],,,numpy.geterrobj,0,exec3-SCS,0.0,0.0
536,7.0,0.0,0.0,0.0,0.0,_reshape_dispatcher,C,,194,_reshape_dispatcher:194(C),0,exec3-SCS,0.0,0.0
537,1.0,0.0,0.0,0.0,0.0,upcast_char,C,,54,upcast_char:54(C),0,exec3-SCS,0.0,0.0
538,1.0,0.0,0.0,0.0,0.0,<listcomp>,C,,411,<listcomp>:411(C),0,exec3-SCS,0.0,0.0
539,8.0,0.0,0.0,0.0,0.0,value,C,,68,value:68(C),0,exec3-SCS,0.0,0.0
540,1.0,0.0,0.0,0.0,0.0,create_param,C,,76,create_param:76(C),0,exec3-SCS,0.0,0.0
541,1.0,0.0,0.0,0.0,0.0,sum_entries,C,,351,sum_entries:351(C),0,exec3-SCS,0.0,0.0
542,5.0,0.0,0.0,0.0,0.0,expr,C,,162,expr:162(C),0,exec3-SCS,0.0,0.0
543,1.0,0.0,0.0,0.0,0.0,<dictcomp>,C,,289,<dictcomp>:289(C),0,exec3-SCS,0.0,0.0
544,5.0,0.0,0.0,0.0,0.0,copyto,C,,1043,copyto:1043(C),0,exec3-SCS,0.0,0.0
545,3.0,0.0,0.0,0.0,0.0,_cumsum_dispatcher,C,,2414,_cumsum_dispatcher:2414(C),0,exec3-SCS,0.0,0.0
546,2.0,0.0,0.0,0.0,0.0,tocoo,C,,414,tocoo:414(C),0,exec3-SCS,0.0,0.0
547,2.0,0.0,0.0,0.0,0.0,save_value,C,,344,save_value:344(C),0,exec3-SCS,0.0,0.0
548,6.0,0.0,0.0,0.0,0.0,shape,C,,92,shape:92(C),0,exec3-SCS,0.0,0.0
549,1.0,0.0,0.0,0.0,0.0,mul_expr,C,,237,mul_expr:237(C),0,exec3-SCS,0.0,0.0
550,8.0,0.0,0.0,0.0,0.0,is_atom_concave,C,,55,is_atom_concave:55(C),0,exec3-SCS,0.0,0.0
551,2.0,0.0,0.0,0.0,0.0,<dictcomp>,C,,40,<dictcomp>:40(C),0,exec3-SCS,0.0,0.0
552,3.0,0.0,0.0,0.0,0.0,<genexpr>,C,,217,<genexpr>:217(C),0,exec3-SCS,0.0,0.0
553,6.0,0.0,0.0,0.0,0.0,variables,C,,179,variables:179(C),0,exec3-SCS,0.0,0.0
554,7.0,0.0,0.0,0.0,0.0,numerator,C,,282,numerator:282(C),0,exec3-SCS,0.0,0.0
555,7.0,0.0,0.0,0.0,0.0,denominator,C,,286,denominator:286(C),0,exec3-SCS,0.0,0.0
556,5.0,0.0,0.0,0.0,0.0,gcd,['math'],,,math.gcd,0,exec3-SCS,0.0,0.0
557,1.0,0.0,0.0,0.0,0.0,expr,C,,29,expr:29(C),0,exec3-SCS,0.0,0.0
558,1.0,0.0,0.0,0.0,0.0,isspmatrix_csc,C,,236,isspmatrix_csc:236(C),0,exec3-SCS,0.0,0.0
559,2.0,0.0,0.0,0.0,0.0,is_atom_convex,C,,169,is_atom_convex:169(C),0,exec3-SCS,0.0,0.0
560,7.0,0.0,0.0,0.0,0.0,lower,str,,,lower(str),0,exec3-SCS,0.0,0.0
561,3.0,0.0,0.0,0.0,0.0,_ravel_dispatcher,C,,1701,_ravel_dispatcher:1701(C),0,exec3-SCS,0.0,0.0
562,3.0,0.0,0.0,0.0,0.0,_append_dispatcher,C,,4612,_append_dispatcher:4612(C),0,exec3-SCS,0.0,0.0
563,5.0,0.0,0.0,0.0,0.0,is_convex,C,,194,is_convex:194(C),0,exec3-SCS,0.0,0.0
564,1.0,0.0,0.0,0.0,0.0,get_data,C,,196,get_data:196(C),0,exec3-SCS,0.0,0.0
565,2.0,0.0,0.0,0.0,0.0,value,C,,74,value:74(C),0,exec3-SCS,0.0,0.0
566,2.0,0.0,0.0,0.0,0.0,__trunc__,C,,515,__trunc__:515(C),0,exec3-SCS,0.0,0.0
567,2.0,0.0,0.0,0.0,0.0,get_data,C,,83,get_data:83(C),0,exec3-SCS,0.0,0.0
568,2.0,0.0,0.0,0.0,0.0,<genexpr>,C,,243,<genexpr>:243(C),0,exec3-SCS,0.0,0.0
569,1.0,0.0,0.0,0.0,0.0,<listcomp>,C,,316,<listcomp>:316(C),0,exec3-SCS,0.0,0.0
570,1.0,0.0,0.0,0.0,0.0,<dictcomp>,C,,77,<dictcomp>:77(C),0,exec3-SCS,0.0,0.0
571,1.0,0.0,0.0,0.0,0.0,disable,_lsprof.Profiler,,,disable(_lsprof.Profiler),0,exec3-SCS,0.0,0.0
572,1.0,0.0,0.0,0.0,0.0,__init__,C,,429,__init__:429(C),0,exec3-SCS,0.0,0.0
573,1.0,0.0,0.0,0.0,0.0,real,C,,121,real:121(C),0,exec3-SCS,0.0,0.0
574,5.0,0.0,0.0,0.0,0.0,atoms,C,,459,atoms:459(C),0,exec3-SCS,0.0,0.0
575,1.0,0.0,0.0,0.0,0.0,_value_impl,C,,78,_value_impl:78(C),0,exec3-SCS,0.0,0.0
576,3.0,0.0,0.0,0.0,0.0,parameters,C,,95,parameters:95(C),0,exec3-SCS,0.0,0.0
577,1.0,0.0,0.0,0.0,0.0,__eq__,C,,578,__eq__:578(C),0,exec3-SCS,0.0,0.0
578,1.0,0.0,0.0,0.0,0.0,<listcomp>,C,,39,<listcomp>:39(C),0,exec3-SCS,0.0,0.0
579,1.0,0.0,0.0,0.0,0.0,_sort_dispatcher,C,,835,_sort_dispatcher:835(C),0,exec3-SCS,0.0,0.0
580,5.0,0.0,0.0,0.0,0.0,is_concave,C,,199,is_concave:199(C),0,exec3-SCS,0.0,0.0
581,1.0,0.0,0.0,0.0,0.0,shape,C,,66,shape:66(C),0,exec3-SCS,0.0,0.0
582,1.0,0.0,0.0,0.0,0.0,<listcomp>,C,,32,<listcomp>:32(C),0,exec3-SCS,0.0,0.0
583,2.0,0.0,0.0,0.0,0.0,<listcomp>,C,,90,<listcomp>:90(C),0,exec3-SCS,0.0,0.0
584,2.0,0.0,0.0,0.0,0.0,status,C,,112,status:112(C),0,exec3-SCS,0.0,0.0
585,1.0,0.0,0.0,0.0,0.0,<listcomp>,C,,56,<listcomp>:56(C),0,exec3-SCS,0.0,0.0
586,1.0,0.0,0.0,0.0,0.0,item,numpy.ndarray,,,item(numpy.ndarray),0,exec3-SCS,0.0,0.0
587,2.0,0.0,0.0,0.0,0.0,is_atom_concave,C,,174,is_atom_concave:174(C),0,exec3-SCS,0.0,0.0
588,2.0,0.0,0.0,0.0,0.0,is_atom_convex,C,,41,is_atom_convex:41(C),0,exec3-SCS,0.0,0.0
589,2.0,0.0,0.0,0.0,0.0,<genexpr>,C,,56,<genexpr>:56(C),0,exec3-SCS,0.0,0.0
590,2.0,0.0,0.0,0.0,0.0,<listcomp>,C,,60,<listcomp>:60(C),0,exec3-SCS,0.0,0.0
591,1.0,0.0,0.0,0.0,0.0,<listcomp>,C,,57,<listcomp>:57(C),0,exec3-SCS,0.0,0.0
592,2.0,0.0,0.0,0.0,0.0,<genexpr>,C,,197,<genexpr>:197(C),0,exec3-SCS,0.0,0.0
593,2.0,0.0,0.0,0.0,0.0,<genexpr>,C,,199,<genexpr>:199(C),0,exec3-SCS,0.0,0.0
594,2.0,0.0,0.0,0.0,0.0,<genexpr>,C,,202,<genexpr>:202(C),0,exec3-SCS,0.0,0.0
595,1.0,0.0,0.0,0.0,0.0,_atleast_2d_dispatcher,C,,78,_atleast_2d_dispatcher:78(C),0,exec3-SCS,0.0,0.0
596,2.0,0.0,0.0,0.0,0.0,_is_type_dispatcher,C,,206,_is_type_dispatcher:206(C),0,exec3-SCS,0.0,0.0
597,2.0,0.0,0.0,0.0,0.0,tocsc,C,,126,tocsc:126(C),0,exec3-SCS,0.0,0.0
598,2.0,0.0,0.0,0.0,0.0,constants,C,,60,constants:60(C),0,exec3-SCS,0.0,0.0
599,3.0,0.0,0.0,0.0,0.0,constants,C,,189,constants:189(C),0,exec3-SCS,0.0,0.0
600,1.0,0.0,0.0,0.0,0.0,get_data,C,,49,get_data:49(C),0,exec3-SCS,0.0,0.0
601,2.0,0.0,0.0,0.0,0.0,shape_from_args,C,,78,shape_from_args:78(C),0,exec3-SCS,0.0,0.0
602,2.0,0.0,0.0,0.0,0.0,<genexpr>,C,,58,<genexpr>:58(C),0,exec3-SCS,0.0,0.0
603,1.0,0.0,0.0,0.0,0.0,invert,C,,152,invert:152(C),0,exec3-SCS,0.0,0.0
604,1.0,0.0,0.0,0.0,0.0,<dictcomp>,C,,79,<dictcomp>:79(C),0,exec3-SCS,0.0,0.0
605,2.0,0.0,0.0,0.0,0.0,<genexpr>,C,,205,<genexpr>:205(C),0,exec3-SCS,0.0,0.0
606,2.0,0.0,0.0,0.0,0.0,values,dict,,,values(dict),0,exec3-SCS,0.0,0.0
607,1.0,0.0,0.0,0.0,0.0,index,list,,,index(list),0,exec3-SCS,0.0,0.0
608,1.0,0.0,0.0,0.0,0.0,_nonzero_dispatcher,C,,1812,_nonzero_dispatcher:1812(C),0,exec3-SCS,0.0,0.0
609,1.0,0.0,0.0,0.0,0.0,_unique_dispatcher,C,,144,_unique_dispatcher:144(C),0,exec3-SCS,0.0,0.0
610,2.0,0.0,0.0,0.0,0.0,is_complex,C,,103,is_complex:103(C),0,exec3-SCS,0.0,0.0
611,1.0,0.0,0.0,0.0,0.0,is_psd,C,,432,is_psd:432(C),0,exec3-SCS,0.0,0.0
612,2.0,0.0,0.0,0.0,0.0,is_incr,C,,60,is_incr:60(C),0,exec3-SCS,0.0,0.0
613,2.0,0.0,0.0,0.0,0.0,is_pwl,C,,199,is_pwl:199(C),0,exec3-SCS,0.0,0.0
614,1.0,0.0,0.0,0.0,0.0,invalidate,C,,52,invalidate:52(C),0,exec3-SCS,0.0,0.0
615,2.0,0.0,0.0,0.0,0.0,issubclass,['builtins'],,,builtins.issubclass,0,exec3-SCS,0.0,0.0
616,1.0,0.0,0.0,0.0,0.0,LinOp_set_linOp_data,['_cvxcore'],,,_cvxcore.LinOp_set_linOp_data,0,exec3-SCS,0.0,0.0
617,1.0,0.0,0.0,0.0,0.0,_recreate_cm,C,,59,_recreate_cm:59(C),0,exec3-SCS,0.0,0.0
618,1.0,0.0,0.0,0.0,0.0,result_type,C,,634,result_type:634(C),0,exec3-SCS,0.0,0.0
619,1.0,0.0,0.0,0.0,0.0,_allclose_dispatcher,C,,2117,_allclose_dispatcher:2117(C),0,exec3-SCS,0.0,0.0
620,1.0,0.0,0.0,0.0,0.0,_atleast_1d_dispatcher,C,,20,_atleast_1d_dispatcher:20(C),0,exec3-SCS,0.0,0.0
621,1.0,0.0,0.0,0.0,0.0,_real_dispatcher,C,,117,_real_dispatcher:117(C),0,exec3-SCS,0.0,0.0
622,1.0,0.0,0.0,0.0,0.0,value,C,,347,value:347(C),0,exec3-SCS,0.0,0.0
623,1.0,0.0,0.0,0.0,0.0,is_nsd,C,,437,is_nsd:437(C),0,exec3-SCS,0.0,0.0
624,1.0,0.0,0.0,0.0,0.0,make_key,C,,58,make_key:58(C),0,exec3-SCS,0.0,0.0
625,1.0,0.0,0.0,0.0,0.0,_isclose_dispatcher,C,,2193,_isclose_dispatcher:2193(C),0,exec3-SCS,0.0,0.0
626,1.0,0.0,0.0,0.0,0.0,<listcomp>,C,,346,<listcomp>:346(C),0,exec3-SCS,0.0,0.0
